https://alceonre.com.au/,https://www.alceon.com.au/
https://alceonre.com.au/about-us,https://www.alceon.com.au/about-us/
https://alceonre.com.au/alceon-australian-property-fund,https://www.alceon.com.au/fund/alceon-australian-property-fund/
https://alceonre.com.au/alceon-debt-income-fund,https://www.alceon.com.au/alceon-launches-debt-income-fund/
https://alceonre.com.au/author/admin,https://www.alceon.com.au/
https://alceonre.com.au/category/uncategorized,https://www.alceon.com.au/news-insights/
https://alceonre.com.au/cdn-cgi/l/email-protection,https://www.alceon.com.au/
https://alceonre.com.au/contact-us,https://www.alceon.com.au/contact/
https://alceonre.com.au/hello-world,https://www.alceon.com.au/
https://alceonre.com.au/legal-notice,https://www.alceon.com.au/legal/
https://alceonre.com.au/not_found,https://www.alceon.com.au/about-us/
https://alceonre.com.au/partners,https://www.alceon.com.au/
https://alceonre.com.au/privacy-policy,https://www.alceon.com.au/terms/#privacy-policy
https://alceonre.com.au/sample-page,https://www.alceon.com.au/
https://alceonre.com.au/wp-admin/,https://www.alceon.com.au/
https://alceonre.com.au/wp-json/contact-form-7/v1/contact-forms/139/feedback/schema,https://www.alceon.com.au/
https://alceonre.com.au/wp-json/contact-form-7/v1/contact-forms/139/refill,https://www.alceon.com.au/
https://alceonre.com.au/wp-json/contact-form-7/v1/contact-forms/149/feedback/schema,https://www.alceon.com.au/
https://alceonre.com.au/wp-json/contact-form-7/v1/contact-forms/149/refill,https://www.alceon.com.au/
https://alceonre.com.au/wp-json/contact-form-7/v1/contact-forms/97/feedback/schema,https://www.alceon.com.au/
https://alceonre.com.au/wp-json/contact-form-7/v1/contact-forms/97/refill,https://www.alceon.com.au/
