/about,https://www.alceon.com.au/about-us/
/case-studies/c2o-group,https://www.alceon.com.au/about-us/
/case-studies/efex,https://www.alceon.com.au/about-us/
/case-studies/eptec,https://www.alceon.com.au/about-us/
/case-studies/think-childcare-nido,https://www.alceon.com.au/about-us/
/contact,https://www.alceon.com.au/contact/
/investments,https://www.alceon.com.au/about-us/
/legal-notice,https://www.alceon.com.au/legal/
/news,https://www.alceon.com.au/news-insights/
/partnership,https://www.alceon.com.au/
/post/alceon-backed-it-biz-efex-buys-adelaide-trade-player-logic-plus,https://www.alceon.com.au/news-insights/
/post/alceon-checks-into-new-healthcare-roll-up-third-deal-for-pe-arm,https://www.alceon.com.au/news-insights/
/post/alceon-pe-brings-in-new-management-at-boss-engineering,https://www.alceon.com.au/news-insights/
/post/alceon-pe-ready-to-harvest-50pc-of-agricultural-equipment-biz,https://www.alceon.com.au/news-insights/
/post/alceon-pe-secures-70pc-stake-in-defence-contractor-shadbolt,https://www.alceon.com.au/news-insights/
/post/alceon-private-equity-eyes-another-exit-following-nido-ipo,https://www.alceon.com.au/news-insights/
/post/alceons-sms-nabs-laser-eye-group-lasersight,https://www.alceon.com.au/news-insights/
/post/happy-days-for-alceon-pes-backers-as-nido-lists,https://www.alceon.com.au/news-insights/
/post/sydneys-efex-group-sells-50-percent-stake-to-private-equity-firm-alceon-pe-for-30-million,https://www.alceon.com.au/news-insights/
/privacy-policy,https://www.alceon.com.au/terms
/team-types/advisory-board,https://www.alceon.com.au/about-us/
/team-types/investment-committee,https://www.alceon.com.au/about-us/
/team-types/investment-team,https://www.alceon.com.au/about-us/
/team/ben-sebel,https://www.alceon.com.au/about-us/
/team/david-gribble,https://www.alceon.com.au/about-us/
/team/david-wilshire,https://www.alceon.com.au/about-us/
/team/dean-fowler,https://www.alceon.com.au/about-us/
/team/harry-head,https://www.alceon.com.au/about-us/
/team/maitreyi-dave,https://www.alceon.com.au/about-us/
/team/mark-wilson,https://www.alceon.com.au/about-us/
/team/morris-symonds,https://www.alceon.com.au/about-us/
/team/peter-selby,https://www.alceon.com.au/about-us/
/team/phil-green,https://www.alceon.com.au/about-us/
/team/rahil-gupta,https://www.alceon.com.au/about-us/
/team/ryan-shelswell,https://www.alceon.com.au/about-us/
/team/trevor-loewensohn,https://www.alceon.com.au/about-us/
/team/zac-midalia,https://www.alceon.com.au/about-us/
