https://www.alceon.com.au/author/alceon2022/,https://www.alceon.com.au/
https://www.alceon.com.au/author/alexiesa/,https://www.alceon.com.au/
https://www.alceon.com.au/author/darion/,https://www.alceon.com.au/
https://www.alceon.com.au/author/madeleine/,https://www.alceon.com.au/
https://www.alceon.com.au/author/omar/,https://www.alceon.com.au/
https://www.alceon.com.au/category-team/auckland-nz/,https://www.alceon.com.au/about-us/
https://www.alceon.com.au/category-team/brisbane/,https://www.alceon.com.au/about-us/
https://www.alceon.com.au/category-team/melbourne/,https://www.alceon.com.au/about-us/
https://www.alceon.com.au/category-team/perth/,https://www.alceon.com.au/about-us/
https://www.alceon.com.au/category-team/sydney/,https://www.alceon.com.au/about-us/
https://www.alceon.com.au/category-team/sydney/page/1/,news-insights/#filter=all&paged=1
https://www.alceon.com.au/category-team/sydney/page/2/,news-insights/#filter=all&paged=2
https://www.alceon.com.au/category-team/sydney/page/3/,https://www.alceon.com.au/about-us/
https://www.alceon.com.au/category-team/sydney/page/4/,https://www.alceon.com.au/about-us/
https://www.alceon.com.au/category/news/media-source/,https://www.alceon.com.au/news-insights/
https://www.alceon.com.au/cdn-cgi/l/email-protection,https://www.alceon.com.au/
https://www.alceon.com.au/community/,https://www.alceon.com.au/about-us/
https://www.alceon.com.au/contact-us/,https://www.alceon.com.au/contact/
https://www.alceon.com.au/credit-finance-and-investment,https://www.alceon.com.au/about-us/
https://www.alceon.com.au/division/business-divisions/,https://www.alceon.com.au/about-us/
https://www.alceon.com.au/division/business-divisions/page/1/,https://www.alceon.com.au/about-us/
https://www.alceon.com.au/division/business-divisions/page/2/,https://www.alceon.com.au/about-us/
https://www.alceon.com.au/division/business-divisions/page/3/,https://www.alceon.com.au/about-us/
https://www.alceon.com.au/division/corporate-accounts/,https://www.alceon.com.au/about-us/
https://www.alceon.com.au/division/credit/,https://www.alceon.com.au/about-us/
https://www.alceon.com.au/division/founders/,https://www.alceon.com.au/about-us/
https://www.alceon.com.au/division/institutional-wholesale-investment/,https://www.alceon.com.au/about-us/
https://www.alceon.com.au/division/investment/,https://www.alceon.com.au/about-us/
https://www.alceon.com.au/division/liquid-strategies/,https://www.alceon.com.au/about-us/
https://www.alceon.com.au/division/office-administration/,https://www.alceon.com.au/about-us/
https://www.alceon.com.au/division/operations-division/,https://www.alceon.com.au/about-us/
https://www.alceon.com.au/division/operations-division/page/1/,https://www.alceon.com.au/about-us/
https://www.alceon.com.au/division/operations-division/page/2/,https://www.alceon.com.au/about-us/
https://www.alceon.com.au/division/private-equity/,https://www.alceon.com.au/about-us/
https://www.alceon.com.au/division/real-estate/,https://www.alceon.com.au/about-us/
https://www.alceon.com.au/division/real-estate/page/1/,https://www.alceon.com.au/about-us/
https://www.alceon.com.au/division/real-estate/page/2/,https://www.alceon.com.au/about-us/
https://www.alceon.com.au/division/senior-management/,https://www.alceon.com.au/about-us/
https://www.alceon.com.au/division/transaction-management/,https://www.alceon.com.au/about-us/
https://www.alceon.com.au/legal/,https://www.alceon.com.au/legal/
https://www.alceon.com.au/media-release/,https://www.alceon.com.au/news-insights/
https://www.alceon.com.au/media-release/alceon-jointly-acquires-the-strand-coolangatta-in-its-fourth-recent-queensland-deal/,https://www.alceon.com.au/alceon-acquires-ato-building-in-mount-gravatt-brisbane/
https://www.alceon.com.au/news/,https://www.alceon.com.au/news-insights/
https://www.alceon.com.au/news/alceon-acquires-ato-building-in-mount-gravatt-brisbane/,https://www.alceon.com.au/alceon-acquires-ato-building-in-mount-gravatt-brisbane/
https://www.alceon.com.au/news/alceon-and-eagle-property-sell-rosebury-asset-for-37-million/,https://www.alceon.com.au/alceon-and-eagle-property-sell-rosebury-asset-for-37-million/
https://www.alceon.com.au/news/alceon-announcement-appointment-of-david-gribble-former-goldman-sachs-asset-management-partner-as-alceons-ceo/,https://www.alceon.com.au/alceon-announcement-appointment-of-david-gribble-former-goldman-sachs-asset-management-partner-as-alceons-ceo/
https://www.alceon.com.au/news/alceon-appoints-msc-trustees/,https://www.alceon.com.au/alceon-appoints-msc-trustees/
https://www.alceon.com.au/news/alceon-backed-it-biz-efex-buys-adelaide-trade-player-logic-plus/,https://www.alceon.com.au/alceon-backed-it-biz-efex-buys-adelaide-trade-player-logic-plus/
https://www.alceon.com.au/news/alceon-debt-income-fund-awarded-4-star-sqm-research-rating/,https://www.alceon.com.au/alceon-debt-income-fund-awarded-4-star-sqm-research-rating/
https://www.alceon.com.au/news/alceon-group-and-freehold-investment-management-to-combine-businesses/,https://www.alceon.com.au/alceon-group-and-freehold-investment-management-to-combine-businesses/
https://www.alceon.com.au/news/alceon-group-set-to-expand-acuity-business-park-after-securing-80-million-sale-of-latest-stage/,https://www.alceon.com.au/alceon-group-set-to-expand-acuity-business-park-after-securing-80-million-sale-of-latest-stage/
https://www.alceon.com.au/news/alceon-launches-debt-income-fund/,https://www.alceon.com.au/alceon-launches-debt-income-fund/
https://www.alceon.com.au/news/alceon-lodges-plans-for-200m-albion-precinct/,https://www.alceon.com.au/alceon-lodges-plans-for-200m-albion-precinct/
https://www.alceon.com.au/news/alceon-offloads-coastal-caravan-parks-for-42m/,https://www.alceon.com.au/alceon-offloads-coastal-caravan-parks-for-42m/
https://www.alceon.com.au/news/alceon-offloads-murrarie-site-for-27-6m/,https://www.alceon.com.au/alceon-offloads-murrarie-site-for-27-6m/
https://www.alceon.com.au/news/alceon-pe-signs-on-dotted-line-for-boss-engineering-citi-in-for-debt/,https://www.alceon.com.au/alceon-pe-signs-on-dotted-line-for-boss-engineering-citi-in-for-debt/
https://www.alceon.com.au/news/alceon-pe-takes-stake-in-it-managed-services-group-efex/,https://www.alceon.com.au/alceon-pe-takes-stake-in-it-managed-services-group-efex/
https://www.alceon.com.au/news/alceon-qld-secures-prime-brisbane-cbd-asset-for-73-million/,https://www.alceon.com.au/alceon-qld-secures-prime-brisbane-cbd-asset-for-73-million/
https://www.alceon.com.au/news/alceons-sms-nabs-laser-group-lasersight/,https://www.alceon.com.au/alceons-sms-nabs-laser-group-lasersight/
https://www.alceon.com.au/news/australian-financial-review/,https://www.alceon.com.au/australian-financial-review/
https://www.alceon.com.au/news/financial-review-alceon-pe-secures-70pc-stake-in-defence-contractor-shadbolt/,https://www.alceon.com.au/financial-review-alceon-pe-secures-70pc-stake-in-defence-contractor-shadbolt/
https://www.alceon.com.au/news/gurner-alceon-and-barana-group-partner-up-to-develop-st-kilda-novotel-site/,https://www.alceon.com.au/gurner-alceon-and-barana-group-partner-up-to-develop-st-kilda-novotel-site/
https://www.alceon.com.au/news/how-to-make-the-big-calls-the-alceon-way-of-investing-in-equities/,https://www.alceon.com.au/how-to-make-the-big-calls-the-alceon-way-of-investing-in-equities/
https://www.alceon.com.au/news/luxury-focus-as-sammut-alceon-plan-750m-of-developments/,https://www.alceon.com.au/luxury-focus-as-sammut-alceon-plan-750m-of-developments/
https://www.alceon.com.au/news/media-release-alceon-real-estate-credit-funds-strong-performance-awarded-superior-sqm-rating-as-it-reaches-a600-million/,https://www.alceon.com.au/media-release-alceon-real-estate-credit-funds-strong-performance-awarded-superior-sqm-rating-as-it-reaches-a600-million/
https://www.alceon.com.au/news/media-source/,https://www.alceon.com.au/news-insights/
https://www.alceon.com.au/news/page/1/,https://www.alceon.com.au/news-insights/
https://www.alceon.com.au/news/page/2/,https://www.alceon.com.au/news-insights/
https://www.alceon.com.au/news/smithfield-centre-to-trade-for-140m-as-lendlease-reels-in-buyer/,https://www.alceon.com.au/smithfield-centre-to-trade-for-140m-as-lendlease-reels-in-buyer/
https://www.alceon.com.au/news/street-talk-happy-days-for-alceon-pes-backers-as-nido-lists/,https://www.alceon.com.au/street-talk-happy-days-for-alceon-pes-backers-as-nido-lists/
https://www.alceon.com.au/news/tvh-welcomes-investment-from-alceons-private-equity-team-to-strengthen-capability-and-growth/,https://www.alceon.com.au/tvh-welcomes-investment-from-alceons-private-equity-team-to-strengthen-capability-and-growth/
https://www.alceon.com.au/our-team/,https://www.alceon.com.au/about-us/
https://www.alceon.com.au/privacy-policy/,https://www.alceon.com.au/about-us/
https://www.alceon.com.au/private-equity-access-fund/,https://www.alceon.com.au/about-us/
https://www.alceon.com.au/team/362/,https://www.alceon.com.au/about-us/
https://www.alceon.com.au/team/adam-ritter/,https://www.alceon.com.au/about-us/
https://www.alceon.com.au/team/adrian-kidd/,https://www.alceon.com.au/about-us/
https://www.alceon.com.au/team/andrew-fatin/,https://www.alceon.com.au/about-us/
https://www.alceon.com.au/team/anna-li/,https://www.alceon.com.au/about-us/
https://www.alceon.com.au/team/annelise-arnesen/,https://www.alceon.com.au/about-us/
https://www.alceon.com.au/team/areti-karounis/,https://www.alceon.com.au/about-us/
https://www.alceon.com.au/team/ashley-taylor/,https://www.alceon.com.au/about-us/
https://www.alceon.com.au/team/bec-nicholas/,https://www.alceon.com.au/about-us/
https://www.alceon.com.au/team/brad-ablett/,https://www.alceon.com.au/about-us/
https://www.alceon.com.au/team/cameron-pugh/,https://www.alceon.com.au/about-us/
https://www.alceon.com.au/team/charles-altson/,https://www.alceon.com.au/about-us/
https://www.alceon.com.au/team/connor-chapman-cfa/,https://www.alceon.com.au/about-us/
https://www.alceon.com.au/team/cory-bellchambers/,https://www.alceon.com.au/about-us/
https://www.alceon.com.au/team/dakota-patterson/,https://www.alceon.com.au/about-us/
https://www.alceon.com.au/team/damien-cronin/,https://www.alceon.com.au/about-us/
https://www.alceon.com.au/team/daniel-chersky/,https://www.alceon.com.au/about-us/
https://www.alceon.com.au/team/darion-lee/,https://www.alceon.com.au/about-us/
https://www.alceon.com.au/team/david-gribble/,https://www.alceon.com.au/about-us/
https://www.alceon.com.au/team/david-wilshire/,https://www.alceon.com.au/about-us/
https://www.alceon.com.au/team/dean-fowler/,https://www.alceon.com.au/about-us/
https://www.alceon.com.au/team/dean-smal/,https://www.alceon.com.au/about-us/
https://www.alceon.com.au/team/donna-gilbert/,https://www.alceon.com.au/about-us/
https://www.alceon.com.au/team/edward-chi-zhang/,https://www.alceon.com.au/about-us/
https://www.alceon.com.au/team/emma-zhang/,https://www.alceon.com.au/about-us/
https://www.alceon.com.au/team/felicity-arena/,https://www.alceon.com.au/about-us/
https://www.alceon.com.au/team/gavin-jeong/,https://www.alceon.com.au/about-us/
https://www.alceon.com.au/team/gerald-full/,https://www.alceon.com.au/about-us/
https://www.alceon.com.au/team/gino-boscutti/,https://www.alceon.com.au/about-us/
https://www.alceon.com.au/team/grant-atchison/,https://www.alceon.com.au/about-us/
https://www.alceon.com.au/team/grant-mackenzie/,https://www.alceon.com.au/about-us/
https://www.alceon.com.au/team/jacob-hutton/,https://www.alceon.com.au/about-us/
https://www.alceon.com.au/team/james-mcmurdo/,https://www.alceon.com.au/about-us/
https://www.alceon.com.au/team/james-wee/,https://www.alceon.com.au/about-us/
https://www.alceon.com.au/team/jared-merkel/,https://www.alceon.com.au/about-us/
https://www.alceon.com.au/team/julius-rose/,https://www.alceon.com.au/about-us/
https://www.alceon.com.au/team/kunal-raval/,https://www.alceon.com.au/about-us/
https://www.alceon.com.au/team/lisa-miotto/,https://www.alceon.com.au/about-us/
https://www.alceon.com.au/team/lloyd-jenkins/,https://www.alceon.com.au/about-us/
https://www.alceon.com.au/team/mariam-makaryan/,https://www.alceon.com.au/about-us/
https://www.alceon.com.au/team/matthew-fielden/,https://www.alceon.com.au/about-us/
https://www.alceon.com.au/team/matthew-liston/,https://www.alceon.com.au/about-us/
https://www.alceon.com.au/team/melanie-hedges/,https://www.alceon.com.au/about-us/
https://www.alceon.com.au/team/morris-symonds-4/,https://www.alceon.com.au/about-us/
https://www.alceon.com.au/team/nick-dedding/,https://www.alceon.com.au/about-us/
https://www.alceon.com.au/team/omar-khan/,https://www.alceon.com.au/about-us/
https://www.alceon.com.au/team/paul-platus/,https://www.alceon.com.au/about-us/
https://www.alceon.com.au/team/peta-kirby/,https://www.alceon.com.au/about-us/
https://www.alceon.com.au/team/peter-selby/,https://www.alceon.com.au/about-us/
https://www.alceon.com.au/team/phil-green-4/,https://www.alceon.com.au/about-us/
https://www.alceon.com.au/team/rahima-hossain/,https://www.alceon.com.au/about-us/
https://www.alceon.com.au/team/rebecca-morrison/,https://www.alceon.com.au/about-us/
https://www.alceon.com.au/team/robert-bezette/,https://www.alceon.com.au/about-us/
https://www.alceon.com.au/team/robert-king-smith/,https://www.alceon.com.au/about-us/
https://www.alceon.com.au/team/stephen-patterson/,https://www.alceon.com.au/about-us/
https://www.alceon.com.au/team/tamaki-maehashi/,https://www.alceon.com.au/about-us/
https://www.alceon.com.au/team/tasman-forgie/,https://www.alceon.com.au/about-us/
https://www.alceon.com.au/team/teresa-lee/,https://www.alceon.com.au/about-us/
https://www.alceon.com.au/team/tim-cossart/,https://www.alceon.com.au/about-us/
https://www.alceon.com.au/team/tim-farquhar/,https://www.alceon.com.au/about-us/
https://www.alceon.com.au/team/todd-pepper/,https://www.alceon.com.au/about-us/
https://www.alceon.com.au/team/trevor-loewensohn-4/,https://www.alceon.com.au/about-us/
https://www.alceon.com.au/team/yin-peng-chiew/,https://www.alceon.com.au/about-us/
https://www.alceon.com.au/team/zachary-midalia/,https://www.alceon.com.au/about-us/
